{"cameraMode":{"drawMode":0,"name":"Shaded","section":"Shading Mode"},"sceneLighting":false,"audioPlay":false,"sceneViewState":{"m_AlwaysRefresh":false,"showFog":true,"showSkybox":true,"showFlares":true,"showImageEffects":true,"showParticleSystems":true,"showVisualEffectGraphs":true,"m_FxEnabled":true},"in2DMode":false,"pivot":{"x":-0.49656349420547488,"y":0.9781045913696289,"z":2.2029857635498049},"rotation":{"x":-0.2568478584289551,"y":-0.019412094727158548,"z":0.005160258151590824,"w":-0.9662548303604126},"size":10.69993782043457,"orthographic":false}